county_key,county_fips,county_name,total_expenditures_thousands_2024,local_expenditures_thousands_2024,federal_expenditures_thousands_2024,state_expenditures_thousands_2024,average_daily_membership_2024,average_daily_attendance_2024,instructional_personnel_2024,high_school_enrollment_2024,high_school_dropouts_2024,unemployment_rate_2024,median_family_income_hud_2024,poverty_rate_2023,spending_per_student_2024,instructional_personnel_per_1000_students_2024,attendance_rate_2024,local_funding_share_2024,state_funding_share_2024,federal_funding_share_2024,dropouts_per_1000_high_school_students_2024,source_name_correction_note,odis_school_count,mean_stress_score,median_sensitivity_range,archetype_1_school_count,archetype_2_school_count,archetype_3_school_count,archetype_4_school_count,archetype_5_school_count,archetype_6_school_count,archetype_1_share,archetype_2_share,archetype_3_share,archetype_4_share,archetype_5_share,archetype_6_share,higher_stress_archetype_share,dominant_archetype,resource_alignment_review,review_rule
alamance,37001,Alamance County,277561.0,47594.0,56497.0,173469.0,24927.0,22739.0,1610.0,8371.0,120.0,3.6,77900.0,14.15,11134.954065872347,64.58859870822803,91.22236931840976,17.147221691808287,62.49761313729234,20.35480488973595,14.335204873969658,,9,31.44444444444445,3.833069311723708,0,1,1,2,5,0,0.0,0.1111111111111111,0.1111111111111111,0.2222222222222222,0.5555555555555556,0.0,0.7777777777777778,Multidomain Elevated Stress,False,"Top quartile of county mean school-community stress and below the NC county median for spending per student or instructional personnel per 1,000 students"
alexander,37003,Alexander County,57537.0,10240.0,8930.0,38365.0,4238.0,3967.0,295.0,1446.0,34.0,3.7,78100.0,12.07,13576.451156205758,69.60830580462482,93.6054742803209,17.79724351286998,66.67883275109929,15.52044771190712,23.513139695712308,,2,28.4,4.8079999555409465,0,2,0,0,0,0,0.0,1.0,0.0,0.0,0.0,0.0,0.0,"Moderate Stress, Lower Housing",False,"Top quartile of county mean school-community stress and below the NC county median for spending per student or instructional personnel per 1,000 students"
alleghany,37005,Alleghany County,20881.0,3179.0,3110.0,14591.0,1313.0,1232.0,109.0,423.0,6.0,3.8,61000.0,17.38,15903.274942878903,83.01599390708301,93.83092155369384,15.224366649106843,69.87692160337149,14.8939227048513,14.184397163120567,,1,36.2,6.8427569641086805,0,0,0,0,1,0,0.0,0.0,0.0,0.0,1.0,0.0,1.0,Multidomain Elevated Stress,False,"Top quartile of county mean school-community stress and below the NC county median for spending per student or instructional personnel per 1,000 students"
anson,37007,Anson County,49809.0,7549.0,13267.0,28991.0,2882.0,2544.0,213.0,922.0,43.0,4.4,63900.0,21.2,17282.789729354616,73.90700902151285,88.27203331020125,15.155895520889798,58.2043405810195,26.63574855949728,46.637744034707154,,2,39.0,11.617653663784395,0,0,0,0,0,2,0.0,0.0,0.0,0.0,0.0,1.0,1.0,Economic and Crime Concentrated,False,"Top quartile of county mean school-community stress and below the NC county median for spending per student or instructional personnel per 1,000 students"
ashe,37009,Ashe County,41215.0,6569.0,9389.0,25256.0,2610.0,2461.0,207.0,928.0,0.0,3.1,66200.0,14.05,15791.187739463601,79.3103448275862,94.2911877394636,15.938371951959237,61.27866068179061,22.780541065146185,0.0,,2,33.3,9.07704409044965,0,1,0,0,1,0,0.0,0.5,0.0,0.0,0.5,0.0,0.5,"Moderate Stress, Lower Housing",False,"Top quartile of county mean school-community stress and below the NC county median for spending per student or instructional personnel per 1,000 students"
avery,37011,Avery County,28853.0,5310.0,5660.0,17882.0,1864.0,1742.0,169.0,632.0,0.0,4.3,75400.0,10.96,15479.077253218884,90.66523605150215,93.45493562231759,18.403632204623435,61.97622430943056,19.61667764183967,0.0,,2,29.6,3.9412203768368315,0,1,1,0,0,0,0.0,0.5,0.5,0.0,0.0,0.0,0.0,"Moderate Stress, Lower Housing",False,"Top quartile of county mean school-community stress and below the NC county median for spending per student or instructional personnel per 1,000 students"
beaufort,37013,Beaufort County,81231.0,16829.0,15659.0,48742.0,5984.0,5547.0,467.0,2033.0,44.0,3.7,74300.0,18.01,13574.699197860962,78.04144385026738,92.69719251336899,20.71746008297325,60.00418559416971,19.277123265748298,21.64289227742253,,5,31.040000000000003,4.276625846851125,0,0,0,2,3,0,0.0,0.0,0.0,0.4,0.6,0.0,1.0,Multidomain Elevated Stress,False,"Top quartile of county mean school-community stress and below the NC county median for spending per student or instructional personnel per 1,000 students"
bertie,37015,Bertie County,33387.0,3687.0,9914.0,19785.0,1660.0,1518.0,117.0,606.0,30.0,4.9,63500.0,19.79,20112.650602409638,70.48192771084337,91.44578313253012,11.043220415131639,59.25959205678857,29.69419235031599,49.504950495049506,,2,37.4,7.043864561990134,0,0,0,0,0,2,0.0,0.0,0.0,0.0,0.0,1.0,1.0,Economic and Crime Concentrated,False,"Top quartile of county mean school-community stress and below the NC county median for spending per student or instructional personnel per 1,000 students"
bladen,37017,Bladen County,62394.0,9421.0,16705.0,36267.0,4561.0,4230.0,312.0,1542.0,32.0,4.8,58100.0,21.24,13679.89475992107,68.40605130453848,92.74281955711466,15.09920825720422,58.12578132512741,26.77340769945828,20.752269779507134,,4,44.91666666666667,15.832072028698224,0,0,0,0,0,4,0.0,0.0,0.0,0.0,0.0,1.0,1.0,Economic and Crime Concentrated,True,"Top quartile of county mean school-community stress and below the NC county median for spending per student or instructional personnel per 1,000 students"
brunswick,37019,Brunswick County,176691.0,45398.0,31194.0,100098.0,14558.0,13319.0,959.0,4662.0,20.0,4.1,94100.0,9.38,12137.03805467784,65.87443330127765,91.48921555158675,25.69344222399556,56.65144234850672,17.654549467714826,4.29000429000429,,5,25.160000000000004,3.584081363629803,0,1,4,0,0,0,0.0,0.2,0.8,0.0,0.0,0.0,0.0,Housing-Concentrated Stress,False,"Top quartile of county mean school-community stress and below the NC county median for spending per student or instructional personnel per 1,000 students"
buncombe,37021,Buncombe County,373799.0,113099.0,59533.0,201166.0,28897.0,26837.0,2080.0,9613.0,117.0,4.3,86100.0,11.77,12935.5642454234,71.97979028964944,92.87123230785203,30.256635250495588,53.816623372454174,15.926473853595112,12.171018412566317,,13,28.200000000000003,5.455265283557832,0,0,12,1,0,0,0.0,0.0,0.9230769230769231,0.07692307692307693,0.0,0.0,0.07692307692307693,Housing-Concentrated Stress,False,"Top quartile of county mean school-community stress and below the NC county median for spending per student or instructional personnel per 1,000 students"
burke,37023,Burke County,145126.0,24046.0,28127.0,92952.0,11714.0,10978.0,791.0,3988.0,81.0,3.6,78100.0,17.93,12389.107051391496,67.52603722042001,93.71691992487622,16.569050342461033,64.0491710651434,19.381089535989414,20.310932798395186,,6,25.36666666666667,3.505091203045044,0,6,0,0,0,0,0.0,1.0,0.0,0.0,0.0,0.0,0.0,"Moderate Stress, Lower Housing",False,"Top quartile of county mean school-community stress and below the NC county median for spending per student or instructional personnel per 1,000 students"
cabarrus,37025,Cabarrus County,450218.0,103288.0,54046.0,292884.0,42799.0,39959.0,2673.0,14195.0,232.0,3.4,106000.0,8.92,10519.357928923573,62.454730250706795,93.36433094231174,22.941774873505725,65.05381837243291,12.004406754061366,16.343783022190912,,13,27.753846153846155,4.898897614475288,1,0,12,0,0,0,0.07692307692307693,0.0,0.9230769230769231,0.0,0.0,0.0,0.0,Housing-Concentrated Stress,False,"Top quartile of county mean school-community stress and below the NC county median for spending per student or instructional personnel per 1,000 students"
caldwell,37027,Caldwell County,131278.0,18683.0,25296.0,87298.0,10487.0,9713.0,725.0,3519.0,127.0,3.5,78100.0,12.68,12518.165347573185,69.13321254887003,92.61943358443787,14.2316305854751,66.49857554197962,19.269032130288398,36.089798238135835,,6,27.46666666666667,2.6812113677193743,0,6,0,0,0,0,0.0,1.0,0.0,0.0,0.0,0.0,0.0,"Moderate Stress, Lower Housing",False,"Top quartile of county mean school-community stress and below the NC county median for spending per student or instructional personnel per 1,000 students"
camden,37029,Camden County,25199.0,4652.0,1007.0,19538.0,1901.0,1782.0,137.0,597.0,8.0,2.8,94400.0,5.02,13255.654918463966,72.06733298264072,93.74013677012098,18.46105004166832,77.53482281042898,3.9961903250128974,13.40033500837521,,2,27.6,8.894937003008863,1,0,1,0,0,0,0.5,0.0,0.5,0.0,0.0,0.0,0.0,Broadly Lower Stress,False,"Top quartile of county mean school-community stress and below the NC county median for spending per student or instructional personnel per 1,000 students"
carteret,37031,Carteret County,102966.0,29904.0,13368.0,59693.0,8004.0,7466.0,614.0,2700.0,94.0,3.4,94300.0,10.04,12864.31784107946,76.71164417791104,93.2783608195902,29.042596585280577,57.97350581745431,12.982926402890275,34.81481481481481,,5,24.080000000000002,2.372698637677537,3,0,2,0,0,0,0.6,0.0,0.4,0.0,0.0,0.0,0.0,Broadly Lower Stress,False,"Top quartile of county mean school-community stress and below the NC county median for spending per student or instructional personnel per 1,000 students"
caswell,37033,Caswell County,29823.0,2985.0,5343.0,21494.0,2048.0,1848.0,153.0,732.0,1.0,3.6,70600.0,15.71,14562.01171875,74.70703125,90.234375,10.009053415149381,72.07189082251953,17.915702645609095,1.366120218579235,,1,40.400000000000006,6.63340388589517,0,0,0,0,1,0,0.0,0.0,0.0,0.0,1.0,0.0,1.0,Multidomain Elevated Stress,False,"Top quartile of county mean school-community stress and below the NC county median for spending per student or instructional personnel per 1,000 students"
catawba,37035,Catawba County,260638.0,49942.0,41797.0,168897.0,21797.0,20292.0,1490.0,7529.0,146.0,3.6,78100.0,12.82,11957.51708950773,68.35803092168648,93.09538009817865,19.161442306954473,64.80137201789455,16.03641832733523,19.39168548279984,,10,26.360000000000003,4.47703684439443,0,8,2,0,0,0,0.0,0.8,0.2,0.0,0.0,0.0,0.0,"Moderate Stress, Lower Housing",False,"Top quartile of county mean school-community stress and below the NC county median for spending per student or instructional personnel per 1,000 students"
chatham,37037,Chatham County,124890.0,43094.0,9725.0,72071.0,10233.0,9577.0,710.0,3533.0,62.0,3.1,105900.0,10.47,12204.632072705952,69.38336753640183,93.58936773184794,34.50556489710946,57.707582672752025,7.786852430138522,17.5488253608831,,5,27.24,5.119878243150534,1,0,0,4,0,0,0.2,0.0,0.0,0.8,0.0,0.0,0.8,Education and Health Pressure,False,"Top quartile of county mean school-community stress and below the NC county median for spending per student or instructional personnel per 1,000 students"
cherokee,37039,Cherokee County,44243.0,9542.0,6046.0,28654.0,2952.0,2659.0,228.0,1005.0,5.0,3.8,64700.0,14.63,14987.466124661247,77.23577235772358,90.07452574525745,21.567253576837015,64.76504757814796,13.66543860045657,4.975124378109452,,5,38.96,14.245114917487427,0,0,0,0,5,0,0.0,0.0,0.0,0.0,1.0,0.0,1.0,Multidomain Elevated Stress,False,"Top quartile of county mean school-community stress and below the NC county median for spending per student or instructional personnel per 1,000 students"
chowan,37041,Chowan County,27918.0,4498.0,5376.0,18044.0,1718.0,1578.0,110.0,606.0,14.0,3.5,72200.0,20.54,16250.291036088474,64.0279394644936,91.85098952270081,16.111469302958664,64.6321369725625,19.256393724478833,23.1023102310231,,1,30.200000000000003,3.807983417354066,0,1,0,0,0,0,0.0,1.0,0.0,0.0,0.0,0.0,0.0,"Moderate Stress, Lower Housing",False,"Top quartile of county mean school-community stress and below the NC county median for spending per student or instructional personnel per 1,000 students"
clay,37043,Clay County,19018.0,3426.0,2195.0,13396.0,1231.0,1132.0,77.0,382.0,3.0,3.3,79400.0,13.47,15449.228269699432,62.550771730300575,91.95775792038992,18.01451256704175,70.43853191713114,11.54169733936271,7.853403141361256,,1,30.800000000000004,7.441228649001225,0,0,1,0,0,0,0.0,0.0,1.0,0.0,0.0,0.0,0.0,Housing-Concentrated Stress,False,"Top quartile of county mean school-community stress and below the NC county median for spending per student or instructional personnel per 1,000 students"
cleveland,37045,Cleveland County,196346.0,31137.0,48861.0,116347.0,14937.0,13833.0,1035.0,4935.0,136.0,4.0,68300.0,17.24,13144.942090111803,69.29102229363326,92.60895762201245,15.85822985953368,59.256109113503705,24.885151721960213,27.558257345491388,,6,34.93333333333334,8.53080614239901,0,0,0,0,0,6,0.0,0.0,0.0,0.0,0.0,1.0,1.0,Economic and Crime Concentrated,False,"Top quartile of county mean school-community stress and below the NC county median for spending per student or instructional personnel per 1,000 students"
columbus,37047,Columbus County,99961.0,10528.0,25076.0,64355.0,8006.0,7305.0,537.0,2469.0,20.0,4.4,59400.0,18.79,12485.760679490382,67.07469397951536,91.24406694978767,10.532107521933554,64.38010824221446,25.085783455547663,8.100445524503847,,7,42.57142857142857,12.940568238176835,0,0,0,0,0,7,0.0,0.0,0.0,0.0,0.0,1.0,1.0,Economic and Crime Concentrated,True,"Top quartile of county mean school-community stress and below the NC county median for spending per student or instructional personnel per 1,000 students"
craven,37049,Craven County,159609.0,31901.0,33431.0,94277.0,12163.0,11295.0,783.0,3994.0,161.0,3.7,87300.0,13.91,13122.502672038148,64.3755652388391,92.86360272958974,19.986968153424932,59.06747113258024,20.945560713994823,40.31046569854782,,5,33.519999999999996,6.232541337634203,0,2,0,0,3,0,0.0,0.4,0.0,0.0,0.6,0.0,0.6,Multidomain Elevated Stress,False,"Top quartile of county mean school-community stress and below the NC county median for spending per student or instructional personnel per 1,000 students"
cumberland,37051,Cumberland County,579216.0,83023.0,121480.0,374712.0,49579.0,45193.0,2921.0,16347.0,469.0,4.5,69600.0,17.22,11682.68823493818,58.916073337501764,91.15351257588898,14.333685533548799,64.69296428275462,20.97317753653214,28.690279561999144,,18,36.733333333333334,5.6475205417712715,0,0,0,0,18,0,0.0,0.0,0.0,0.0,1.0,0.0,1.0,Multidomain Elevated Stress,True,"Top quartile of county mean school-community stress and below the NC county median for spending per student or instructional personnel per 1,000 students"
currituck,37053,Currituck County,56636.0,15497.0,4426.0,36712.0,4529.0,4186.0,289.0,1333.0,6.0,2.8,100700.0,7.64,12505.188783395894,63.810995804813416,92.42658423493046,27.36245497563387,64.82096193233986,7.814817430609507,4.50112528132033,,2,26.6,5.468775974876927,0,0,2,0,0,0,0.0,0.0,1.0,0.0,0.0,0.0,0.0,Housing-Concentrated Stress,False,"Top quartile of county mean school-community stress and below the NC county median for spending per student or instructional personnel per 1,000 students"
dare,37055,Dare County,75289.0,29883.0,6211.0,39195.0,4914.0,4491.0,421.0,1715.0,18.0,4.1,108200.0,7.54,15321.326821326822,85.67358567358566,91.39194139194139,39.69105712653907,52.05939778719335,8.249545086267581,10.495626822157435,,4,28.650000000000002,8.603003701387498,1,0,3,0,0,0,0.25,0.0,0.75,0.0,0.0,0.0,0.0,Housing-Concentrated Stress,False,"Top quartile of county mean school-community stress and below the NC county median for spending per student or instructional personnel per 1,000 students"
davidson,37057,Davidson County,263693.0,48271.0,40601.0,174819.0,23110.0,21623.0,1472.0,7539.0,127.0,3.7,81800.0,13.83,11410.341843357854,63.69536996971008,93.5655560363479,18.30575707356661,66.29641287406189,15.397071594619502,16.845735508688154,,12,27.483333333333334,3.5345602910622205,0,8,0,1,3,0,0.0,0.6666666666666666,0.0,0.08333333333333333,0.25,0.0,0.3333333333333333,"Moderate Stress, Lower Housing",False,"Top quartile of county mean school-community stress and below the NC county median for spending per student or instructional personnel per 1,000 students"
davie,37059,Davie County,71181.0,14601.0,9051.0,47528.0,5972.0,5571.0,422.0,1991.0,55.0,3.3,81900.0,9.98,11919.12257200268,70.66309444072337,93.28533154722037,20.512496312218147,66.77062699315829,12.715471825346652,27.624309392265193,,2,24.200000000000003,4.352648304893883,0,2,0,0,0,0,0.0,1.0,0.0,0.0,0.0,0.0,0.0,"Moderate Stress, Lower Housing",False,"Top quartile of county mean school-community stress and below the NC county median for spending per student or instructional personnel per 1,000 students"
duplin,37061,Duplin County,120025.0,14248.0,24791.0,80984.0,9487.0,8853.0,615.0,3073.0,80.0,3.3,67900.0,17.89,12651.523136924212,64.82555075366291,93.31717086539474,11.87086023745053,67.47260987294314,20.654863570089567,26.033192320208265,,5,32.160000000000004,3.477992239490966,0,0,0,5,0,0,0.0,0.0,0.0,1.0,0.0,0.0,1.0,Education and Health Pressure,False,"Top quartile of county mean school-community stress and below the NC county median for spending per student or instructional personnel per 1,000 students"
durham,37063,Durham County,494204.0,176704.0,80958.0,236540.0,38674.0,34918.0,2938.0,12812.0,369.0,3.2,105900.0,12.01,12778.714381755184,75.968350830015,90.28804881832755,35.75527514953339,47.862825877572824,16.381494281713625,28.801123946300343,,14,31.661904761904765,5.426232964000494,1,6,1,5,1,0,0.07142857142857142,0.42857142857142855,0.07142857142857142,0.35714285714285715,0.07142857142857142,0.0,0.4285714285714286,"Moderate Stress, Lower Housing",False,"Top quartile of county mean school-community stress and below the NC county median for spending per student or instructional personnel per 1,000 students"
edgecombe,37065,Edgecombe County,80005.0,12343.0,18897.0,48764.0,6104.0,5568.0,418.0,2099.0,68.0,5.2,68500.0,21.88,13106.979030144168,68.47968545216251,91.21887287024902,15.427785763389787,60.95119055059058,23.619773764139744,32.39637922820391,,4,46.05,11.201798334001953,0,0,0,0,0,4,0.0,0.0,0.0,0.0,0.0,1.0,1.0,Economic and Crime Concentrated,True,"Top quartile of county mean school-community stress and below the NC county median for spending per student or instructional personnel per 1,000 students"
forsyth,37067,Forsyth County,688334.0,187589.0,125225.0,375519.0,54712.0,49782.0,3662.0,18305.0,580.0,3.8,81900.0,14.7,12581.042550080421,66.93230004386606,90.98917970463518,27.252612830399197,54.55476556439171,18.19247632689944,31.685331876536466,,18,32.91111111111111,3.8008495431628617,0,0,1,7,10,0,0.0,0.0,0.05555555555555555,0.3888888888888889,0.5555555555555556,0.0,0.9444444444444444,Multidomain Elevated Stress,False,"Top quartile of county mean school-community stress and below the NC county median for spending per student or instructional personnel per 1,000 students"
franklin,37069,Franklin County,105180.0,20384.0,18227.0,66568.0,10885.0,10105.0,579.0,3503.0,12.0,3.3,122300.0,10.09,9662.838768948093,53.19246669728985,92.83417547083141,19.380110287126833,63.289598783038606,17.329340178741205,3.4256351698544107,,4,27.35,5.304967293867637,0,4,0,0,0,0,0.0,1.0,0.0,0.0,0.0,0.0,0.0,"Moderate Stress, Lower Housing",False,"Top quartile of county mean school-community stress and below the NC county median for spending per student or instructional personnel per 1,000 students"
gaston,37071,Gaston County,352139.0,66035.0,62955.0,223149.0,34315.0,31905.0,2170.0,11270.0,252.0,3.7,106000.0,12.76,10261.955413084657,63.23765117295643,92.9768322890864,18.752538060254615,63.369578490312065,17.87788344943332,22.36024844720497,,13,30.415384615384617,2.6784716449462316,0,1,5,3,4,0,0.0,0.07692307692307693,0.38461538461538464,0.23076923076923078,0.3076923076923077,0.0,0.5384615384615385,Housing-Concentrated Stress,False,"Top quartile of county mean school-community stress and below the NC county median for spending per student or instructional personnel per 1,000 students"
gates,37073,Gates County,22848.0,3822.0,2598.0,16427.0,1380.0,1260.0,102.0,468.0,1.0,3.4,73800.0,11.84,16556.521739130436,73.91304347826087,91.30434782608695,16.727941176470587,71.89688375350141,11.370798319327731,2.136752136752137,,1,25.250000000000004,3.1976169706212225,0,1,0,0,0,0,0.0,1.0,0.0,0.0,0.0,0.0,0.0,"Moderate Stress, Lower Housing",False,"Top quartile of county mean school-community stress and below the NC county median for spending per student or instructional personnel per 1,000 students"
graham,37075,Graham County,19263.0,3794.0,2876.0,12593.0,1053.0,971.0,94.0,338.0,11.0,3.6,60000.0,8.7,18293.447293447294,89.2687559354226,92.21272554605888,19.695789856201007,65.37403312049005,14.930177023308936,32.544378698224854,,1,26.6,3.635166859607658,0,0,1,0,0,0,0.0,0.0,1.0,0.0,0.0,0.0,0.0,Housing-Concentrated Stress,False,"Top quartile of county mean school-community stress and below the NC county median for spending per student or instructional personnel per 1,000 students"
granville,37077,Granville County,89826.0,19963.0,15280.0,54582.0,8336.0,7672.0,566.0,2881.0,0.0,3.5,86600.0,14.06,10775.671785028791,67.89827255278311,92.03454894433781,22.224077661256207,60.76414401175606,17.01066506356734,0.0,,4,27.9,6.752504791797804,0,4,0,0,0,0,0.0,1.0,0.0,0.0,0.0,0.0,0.0,"Moderate Stress, Lower Housing",False,"Top quartile of county mean school-community stress and below the NC county median for spending per student or instructional personnel per 1,000 students"
greene,37079,Greene County,44375.0,3257.0,12267.0,28849.0,2664.0,2475.0,208.0,915.0,110.0,3.2,65100.0,22.36,16657.28228228228,78.07807807807808,92.9054054054054,7.339718309859154,65.0118309859155,27.643943661971832,120.21857923497267,,2,39.4,7.293546015232955,0,0,0,0,2,0,0.0,0.0,0.0,0.0,1.0,0.0,1.0,Multidomain Elevated Stress,False,"Top quartile of county mean school-community stress and below the NC county median for spending per student or instructional personnel per 1,000 students"
guilford,37081,Guilford County,968455.0,253806.0,206500.0,508148.0,76157.0,69860.0,5436.0,24953.0,2.0,4.1,83000.0,15.22,12716.559213204302,71.37886208752971,91.73155455178119,26.207309580723937,52.4699650474209,21.32262211460522,0.08015068328457499,,32,32.34375,4.30317497293921,0,1,4,10,17,0,0.0,0.03125,0.125,0.3125,0.53125,0.0,0.84375,Multidomain Elevated Stress,False,"Top quartile of county mean school-community stress and below the NC county median for spending per student or instructional personnel per 1,000 students"
halifax,37083,Halifax County,95163.0,15135.0,23225.0,56802.0,6382.0,5765.0,438.0,2032.0,476.0,5.2,57800.0,25.16,14911.156377311188,68.6305233469132,90.33218426825447,15.904290533085339,59.6891649065288,24.405493731807532,234.251968503937,,8,41.35,9.435930349925773,0,0,0,0,0,8,0.0,0.0,0.0,0.0,0.0,1.0,1.0,Economic and Crime Concentrated,False,"Top quartile of county mean school-community stress and below the NC county median for spending per student or instructional personnel per 1,000 students"
harnett,37085,Harnett County,237394.0,22168.0,59932.0,155293.0,19952.0,18369.0,1305.0,6616.0,27.0,3.8,82400.0,14.54,11898.255813953489,65.40697674418605,92.0659582999198,9.33806246156179,65.41572238556998,25.2457939122303,4.081015719467957,,6,29.46666666666667,4.7922846296875345,0,3,2,0,1,0,0.0,0.5,0.3333333333333333,0.0,0.16666666666666666,0.0,0.16666666666666666,"Moderate Stress, Lower Housing",False,"Top quartile of county mean school-community stress and below the NC county median for spending per student or instructional personnel per 1,000 students"
haywood,37087,Haywood County,84725.0,17940.0,15567.0,51217.0,7029.0,6561.0,483.0,2184.0,133.0,3.6,83400.0,11.28,12053.634940958884,68.715322236449,93.34186939820742,21.174387724992624,60.4508704632635,18.37356152257303,60.8974358974359,,4,26.35,2.597411718174259,1,1,2,0,0,0,0.25,0.25,0.5,0.0,0.0,0.0,0.0,Housing-Concentrated Stress,False,"Top quartile of county mean school-community stress and below the NC county median for spending per student or instructional personnel per 1,000 students"
henderson,37089,Henderson County,152659.0,35098.0,22987.0,94573.0,13373.0,12528.0,912.0,4392.0,46.0,3.2,86100.0,11.67,11415.463994616017,68.19711358707845,93.68129813803934,22.991110907316305,61.95049096352,15.05774307443387,10.473588342440802,,6,24.166666666666668,4.171148794671062,2,1,3,0,0,0,0.3333333333333333,0.16666666666666666,0.5,0.0,0.0,0.0,0.0,Housing-Concentrated Stress,False,"Top quartile of county mean school-community stress and below the NC county median for spending per student or instructional personnel per 1,000 students"
hertford,37091,Hertford County,38422.0,5426.0,8384.0,24612.0,2274.0,1994.0,167.0,806.0,61.0,4.3,63900.0,21.42,16896.218117854,73.43887423043095,87.68689533861038,14.122117536827858,64.05705064806622,21.82083181510593,75.68238213399505,,3,43.17777777777778,8.45469032080399,0,0,0,0,0,3,0.0,0.0,0.0,0.0,0.0,1.0,1.0,Economic and Crime Concentrated,False,"Top quartile of county mean school-community stress and below the NC county median for spending per student or instructional personnel per 1,000 students"
hoke,37093,Hoke County,99635.0,10126.0,15936.0,73572.0,8429.0,7701.0,564.0,2685.0,7.0,4.3,75000.0,17.36,11820.500652509194,66.91185193973189,91.363151026219,10.163095297837105,73.8415215536709,15.99437948512069,2.60707635009311,,3,35.13333333333333,7.619385003202893,0,1,0,0,2,0,0.0,0.3333333333333333,0.0,0.0,0.6666666666666666,0.0,0.6666666666666666,Multidomain Elevated Stress,False,"Top quartile of county mean school-community stress and below the NC county median for spending per student or instructional personnel per 1,000 students"
hyde,37095,Hyde County,12846.0,1933.0,2021.0,8890.0,449.0,412.0,49.0,152.0,52.0,5.7,57000.0,22.42,28610.244988864142,109.1314031180401,91.75946547884188,15.047485598629923,69.20442160983964,15.732523742799314,342.10526315789474,,1,26.0,5.776608679202809,0,0,1,0,0,0,0.0,0.0,1.0,0.0,0.0,0.0,0.0,Housing-Concentrated Stress,False,"Top quartile of county mean school-community stress and below the NC county median for spending per student or instructional personnel per 1,000 students"
iredell,37097,Iredell County,328031.0,97427.0,38996.0,191607.0,31185.0,29058.0,1975.0,10577.0,2.0,3.3,95400.0,9.1,10518.871252204586,63.33172999839666,93.17941317941319,29.700546594681597,58.41124771744134,11.88790083864025,0.18908953389429894,,11,26.61818181818182,4.527691672355623,0,4,7,0,0,0,0.0,0.36363636363636365,0.6363636363636364,0.0,0.0,0.0,0.0,Housing-Concentrated Stress,False,"Top quartile of county mean school-community stress and below the NC county median for spending per student or instructional personnel per 1,000 students"
jackson,37099,Jackson County,49165.0,10595.0,7698.0,30871.0,3704.0,3376.0,269.0,1256.0,143.0,3.6,75700.0,19.31,13273.488120950324,72.62419006479482,91.14470842332614,21.549883046882947,62.790603071290555,15.657479914573374,113.85350318471338,,4,28.75,3.7077755103736436,0,1,3,0,0,0,0.0,0.25,0.75,0.0,0.0,0.0,0.0,Housing-Concentrated Stress,False,"Top quartile of county mean school-community stress and below the NC county median for spending per student or instructional personnel per 1,000 students"
johnston,37101,Johnston County,466592.0,101288.0,75147.0,290156.0,40120.0,37305.0,2532.0,13591.0,41.0,3.1,122300.0,11.19,11629.910269192424,63.11066799601196,92.98354935194418,21.708044715725944,62.186235511967624,16.10550545230094,3.0167022294165258,,11,23.89090909090909,3.688030232926383,0,9,2,0,0,0,0.0,0.8181818181818182,0.18181818181818182,0.0,0.0,0.0,0.0,"Moderate Stress, Lower Housing",False,"Top quartile of county mean school-community stress and below the NC county median for spending per student or instructional personnel per 1,000 students"
jones,37103,Jones County,17424.0,2076.0,2800.0,12547.0,980.0,904.0,79.0,299.0,242.0,3.6,72900.0,21.27,17779.591836734693,80.61224489795917,92.24489795918367,11.914600550964186,72.00987144168963,16.069788797061523,809.3645484949833,,1,24.4,2.9105338216575483,0,1,0,0,0,0,0.0,1.0,0.0,0.0,0.0,0.0,0.0,"Moderate Stress, Lower Housing",False,"Top quartile of county mean school-community stress and below the NC county median for spending per student or instructional personnel per 1,000 students"
lee,37105,Lee County,112084.0,22787.0,16285.0,73011.0,10350.0,9618.0,634.0,3481.0,2.0,3.5,66200.0,15.47,10829.37198067633,61.256038647343,92.92753623188406,20.330287998286998,65.13953820349025,14.529281610220906,0.5745475438092502,,5,31.439999999999998,6.55822565201645,0,2,0,3,0,0,0.0,0.4,0.0,0.6,0.0,0.0,0.6,Education and Health Pressure,False,"Top quartile of county mean school-community stress and below the NC county median for spending per student or instructional personnel per 1,000 students"
lenoir,37107,Lenoir County,115177.0,12376.0,32380.0,70420.0,8216.0,7543.0,547.0,2773.0,90.0,3.9,60200.0,22.46,14018.622200584226,66.57740993184032,91.80866601752678,10.745200864755985,61.14067912864548,28.11325177769867,32.45582401730977,,4,43.2,11.855713589660052,0,0,0,0,0,4,0.0,0.0,0.0,0.0,0.0,1.0,1.0,Economic and Crime Concentrated,True,"Top quartile of county mean school-community stress and below the NC county median for spending per student or instructional personnel per 1,000 students"
lincoln,37109,Lincoln County,130163.0,26565.0,16388.0,87210.0,13993.0,13132.0,886.0,4627.0,75.0,3.3,97800.0,9.05,9302.008146930608,63.31737297220039,93.84692346173087,20.409025606355108,67.0006069313092,12.590367462335687,16.209206829479147,,5,20.92,3.583399286769769,1,4,0,0,0,0,0.2,0.8,0.0,0.0,0.0,0.0,0.0,"Moderate Stress, Lower Housing",False,"Top quartile of county mean school-community stress and below the NC county median for spending per student or instructional personnel per 1,000 students"
mcdowell,37111,McDowell County,73443.0,11346.0,12732.0,49364.0,5414.0,5011.0,408.0,1818.0,0.0,4.0,69600.0,13.98,13565.386036202439,75.36017731806429,92.55633542667158,15.448715330256116,67.21402992797135,17.335893141620033,0.0,,4,30.9,5.960444135282664,0,4,0,0,0,0,0.0,1.0,0.0,0.0,0.0,0.0,0.0,"Moderate Stress, Lower Housing",False,"Top quartile of county mean school-community stress and below the NC county median for spending per student or instructional personnel per 1,000 students"
macon,37113,Macon County,58186.0,10755.0,10678.0,36751.0,4356.0,4011.0,336.0,1494.0,79.0,3.3,72300.0,14.4,13357.667584940313,77.13498622589532,92.07988980716253,18.483827724882275,63.16124153576461,18.351493486405666,52.87817938420348,,3,29.733333333333334,3.1707741543573533,0,0,3,0,0,0,0.0,0.0,1.0,0.0,0.0,0.0,0.0,Housing-Concentrated Stress,False,"Top quartile of county mean school-community stress and below the NC county median for spending per student or instructional personnel per 1,000 students"
madison,37115,Madison County,31915.0,6442.0,3964.0,21509.0,2099.0,1936.0,190.0,661.0,27.0,3.9,86100.0,11.44,15204.85945688423,90.51929490233444,92.23439733206288,20.184866050446498,67.39464201785994,12.420491931693562,40.84720121028744,,3,31.8,7.45053779098955,0,0,3,0,0,0,0.0,0.0,1.0,0.0,0.0,0.0,0.0,Housing-Concentrated Stress,False,"Top quartile of county mean school-community stress and below the NC county median for spending per student or instructional personnel per 1,000 students"
martin,37117,Martin County,41158.0,6242.0,8965.0,25949.0,2926.0,2690.0,187.0,995.0,0.0,4.1,63400.0,19.64,14066.302118933698,63.909774436090224,91.93438140806562,15.16594586714612,63.047281208999465,21.78191360124399,0.0,,4,36.25,8.25292439715195,0,0,0,0,1,3,0.0,0.0,0.0,0.0,0.25,0.75,1.0,Economic and Crime Concentrated,True,"Top quartile of county mean school-community stress and below the NC county median for spending per student or instructional personnel per 1,000 students"
mecklenburg,37119,Mecklenburg County,1838698.0,514641.0,307847.0,1016210.0,164381.0,152580.0,11242.0,53147.0,55.0,3.7,106000.0,10.41,11185.587142066297,68.38989907592727,92.820946459749,27.98942512582273,55.267912403233154,16.742662470944115,1.0348655615556852,,35,29.34285714285714,3.126595814129846,6,6,9,13,1,0,0.17142857142857143,0.17142857142857143,0.2571428571428571,0.37142857142857144,0.02857142857142857,0.0,0.4,Education and Health Pressure,False,"Top quartile of county mean school-community stress and below the NC county median for spending per student or instructional personnel per 1,000 students"
mitchell,37121,Mitchell County,28706.0,4633.0,5728.0,18345.0,1697.0,1573.0,115.0,625.0,814.0,4.4,76300.0,12.96,16915.733647613437,67.76664702416028,92.69298762522098,16.139483034905595,63.90650038319515,19.954016581899253,1302.4,,1,29.6,4.678807938271284,0,1,0,0,0,0,0.0,1.0,0.0,0.0,0.0,0.0,0.0,"Moderate Stress, Lower Housing",False,"Top quartile of county mean school-community stress and below the NC county median for spending per student or instructional personnel per 1,000 students"
montgomery,37123,Montgomery County,50722.0,11065.0,8873.0,30783.0,3459.0,3202.0,185.0,1220.0,12.0,3.9,66700.0,16.09,14663.775657704538,53.483665799363976,92.5701069673316,21.814991522416307,60.68964157564765,17.493395370844997,9.836065573770492,,3,36.400000000000006,7.474757103517412,0,0,0,3,0,0,0.0,0.0,0.0,1.0,0.0,0.0,1.0,Education and Health Pressure,True,"Top quartile of county mean school-community stress and below the NC county median for spending per student or instructional personnel per 1,000 students"
moore,37125,Moore County,150626.0,36223.0,17156.0,97246.0,14322.0,13443.0,914.0,4574.0,84.0,3.5,107200.0,9.96,10517.106549364615,63.817902527579946,93.86258902387935,24.048305073493285,64.56123112875599,11.389799901743391,18.364669873196327,,4,24.200000000000003,2.142941485924201,2,1,1,0,0,0,0.5,0.25,0.25,0.0,0.0,0.0,0.0,Broadly Lower Stress,False,"Top quartile of county mean school-community stress and below the NC county median for spending per student or instructional personnel per 1,000 students"
nash,37127,Nash County,177789.0,22467.0,37949.0,117372.0,15048.0,13785.0,727.0,4860.0,125.0,4.5,68500.0,14.03,11814.792663476874,48.312068048910156,91.60685805422646,12.636889796331607,66.01758264009584,21.34496509907812,25.720164609053498,,7,35.17142857142857,4.905454919559141,0,0,0,1,6,0,0.0,0.0,0.0,0.14285714285714285,0.8571428571428571,0.0,1.0,Multidomain Elevated Stress,True,"Top quartile of county mean school-community stress and below the NC county median for spending per student or instructional personnel per 1,000 students"
newhanover,37129,New Hanover County,340951.0,103257.0,54657.0,183036.0,27103.0,25095.0,1913.0,9072.0,184.0,3.3,101100.0,12.37,12579.82511161126,70.58259233295207,92.5912260635354,30.28499696437318,53.68396045179512,16.03074928655437,20.282186948853614,,10,27.619999999999997,5.057334561552032,2,0,8,0,0,0,0.2,0.0,0.8,0.0,0.0,0.0,0.0,Housing-Concentrated Stress,False,"Top quartile of county mean school-community stress and below the NC county median for spending per student or instructional personnel per 1,000 students"
northampton,37131,Northampton County,25393.0,3406.0,6239.0,15747.0,2351.0,2082.0,180.0,834.0,19.0,4.5,63000.0,19.98,10800.93577201191,76.56316461080391,88.55806039982987,13.413145355019099,62.01315323120545,24.569763320600167,22.781774580335732,,1,38.6,8.658766010096706,0,0,0,0,0,1,0.0,0.0,0.0,0.0,0.0,1.0,1.0,Economic and Crime Concentrated,True,"Top quartile of county mean school-community stress and below the NC county median for spending per student or instructional personnel per 1,000 students"
onslow,37133,Onslow County,333901.0,77893.0,49620.0,206386.0,27080.0,25033.0,1768.0,8492.0,195.0,3.7,76200.0,11.72,12330.169867060562,65.28803545051699,92.44091580502216,23.328172122874744,61.8105366560747,14.860692241113385,22.96278850682996,,9,27.48888888888889,3.3632670845798174,1,2,6,0,0,0,0.1111111111111111,0.2222222222222222,0.6666666666666666,0.0,0.0,0.0,0.0,Housing-Concentrated Stress,False,"Top quartile of county mean school-community stress and below the NC county median for spending per student or instructional personnel per 1,000 students"
orange,37135,Orange County,297022.0,140154.0,18524.0,138343.0,19374.0,18003.0,1534.0,6887.0,80.0,3.2,105900.0,12.43,15330.9590172396,79.17828016929906,92.92350572932796,47.18640370073597,46.576684555352806,6.236575068513443,11.616088282270944,,8,19.85,4.594357905214683,5,0,3,0,0,0,0.625,0.0,0.375,0.0,0.0,0.0,0.0,Broadly Lower Stress,False,"Top quartile of county mean school-community stress and below the NC county median for spending per student or instructional personnel per 1,000 students"
pamlico,37137,Pamlico County,21779.0,3931.0,4004.0,13843.0,1617.0,1479.0,149.0,577.0,16.0,3.9,83500.0,12.37,13468.769325912182,92.14594928880643,91.4656771799629,18.04949722209468,63.561228706552185,18.384682492309103,27.72963604852686,,1,42.400000000000006,17.416866142846565,0,0,0,0,0,1,0.0,0.0,0.0,0.0,0.0,1.0,1.0,Economic and Crime Concentrated,False,"Top quartile of county mean school-community stress and below the NC county median for spending per student or instructional personnel per 1,000 students"
pasquotank,37139,Pasquotank County,73384.0,11729.0,20020.0,41634.0,5307.0,4888.0,371.0,1852.0,61.0,3.8,82000.0,10.03,13827.774637271528,69.90766911626154,92.1047672884869,15.983048075874851,56.73443802463753,27.28115120462226,32.937365010799134,,5,31.68,10.410994962719505,0,5,0,0,0,0,0.0,1.0,0.0,0.0,0.0,0.0,0.0,"Moderate Stress, Lower Housing",False,"Top quartile of county mean school-community stress and below the NC county median for spending per student or instructional personnel per 1,000 students"
pender,37141,Pender County,131986.0,25187.0,21705.0,85094.0,10770.0,9905.0,680.0,3589.0,61.0,3.3,103600.0,10.69,12254.967502321262,63.13834726090993,91.96843082636954,19.08308456957556,64.47198945342689,16.44492597699756,16.996377821120088,,4,24.75,2.8467341383275393,1,3,0,0,0,0,0.25,0.75,0.0,0.0,0.0,0.0,0.0,"Moderate Stress, Lower Housing",False,"Top quartile of county mean school-community stress and below the NC county median for spending per student or instructional personnel per 1,000 students"
perquimans,37143,Perquimans County,25325.0,3384.0,4611.0,17329.0,1647.0,1518.0,116.0,547.0,7.0,3.8,81000.0,11.39,15376.442015786279,70.43108682452944,92.16757741347905,13.362290227048371,68.42645607107602,18.20730503455084,12.79707495429616,,1,30.200000000000003,8.070873862692164,0,1,0,0,0,0,0.0,1.0,0.0,0.0,0.0,0.0,0.0,"Moderate Stress, Lower Housing",False,"Top quartile of county mean school-community stress and below the NC county median for spending per student or instructional personnel per 1,000 students"
person,37145,Person County,60658.0,10028.0,13166.0,37464.0,5410.0,5075.0,373.0,1706.0,34.0,3.4,78500.0,18.45,11212.199630314233,68.9463955637708,93.80776340110906,16.532032048534408,61.76266939233077,21.70529855913482,19.929660023446658,,3,30.0,6.131758078617619,0,3,0,0,0,0,0.0,1.0,0.0,0.0,0.0,0.0,0.0,"Moderate Stress, Lower Housing",False,"Top quartile of county mean school-community stress and below the NC county median for spending per student or instructional personnel per 1,000 students"
pitt,37147,Pitt County,306950.0,47971.0,71033.0,187945.0,24297.0,22598.0,1617.0,7956.0,186.0,4.0,84700.0,19.4,12633.246902909825,66.5514261019879,93.00736716467054,15.628278221208665,61.22984199381006,23.141553999022644,23.378582202111613,,8,34.0,4.684703437301934,0,0,0,0,8,0,0.0,0.0,0.0,0.0,1.0,0.0,1.0,Multidomain Elevated Stress,False,"Top quartile of county mean school-community stress and below the NC county median for spending per student or instructional personnel per 1,000 students"
polk,37149,Polk County,32803.0,7688.0,4886.0,20228.0,2011.0,1872.0,168.0,660.0,6.0,3.3,82200.0,13.66,16311.78518150174,83.5405271009448,93.08801591248135,23.43688077310002,61.665091607474935,14.894979117763619,9.09090909090909,,2,27.6,3.7961846371966,0,2,0,0,0,0,0.0,1.0,0.0,0.0,0.0,0.0,0.0,"Moderate Stress, Lower Housing",False,"Top quartile of county mean school-community stress and below the NC county median for spending per student or instructional personnel per 1,000 students"
randolph,37151,Randolph County,237850.0,40832.0,40988.0,156029.0,21376.0,19931.0,1378.0,7024.0,118.0,3.5,83000.0,14.76,11126.96482035928,64.46482035928145,93.24008233532935,17.167122135799872,65.59974774017238,17.23270969098171,16.799544419134396,,9,27.866666666666667,4.125935401268666,0,6,0,0,3,0,0.0,0.6666666666666666,0.0,0.0,0.3333333333333333,0.0,0.3333333333333333,"Moderate Stress, Lower Housing",False,"Top quartile of county mean school-community stress and below the NC county median for spending per student or instructional personnel per 1,000 students"
richmond,37153,Richmond County,94295.0,13693.0,22502.0,58099.0,6405.0,5928.0,443.0,2284.0,36.0,4.1,62200.0,25.17,14722.092115534739,69.1647150663544,92.55269320843091,14.521448645209183,61.61408346147728,23.863407391696274,15.761821366024519,,3,37.13333333333333,6.850446869462374,0,0,0,0,0,3,0.0,0.0,0.0,0.0,0.0,1.0,1.0,Economic and Crime Concentrated,False,"Top quartile of county mean school-community stress and below the NC county median for spending per student or instructional personnel per 1,000 students"
robeson,37155,Robeson County,297538.0,29080.0,88552.0,179905.0,21018.0,18827.0,1357.0,6775.0,127.0,5.0,51900.0,28.77,14156.342182890856,64.56370729850603,89.57560186506804,9.773541530829675,60.464545705086415,29.76157667255947,18.74538745387454,,6,47.833333333333336,11.767130919658964,0,0,0,0,0,6,0.0,0.0,0.0,0.0,0.0,1.0,1.0,Economic and Crime Concentrated,True,"Top quartile of county mean school-community stress and below the NC county median for spending per student or instructional personnel per 1,000 students"
rockingham,37157,Rockingham County,147651.0,23883.0,29758.0,94009.0,11690.0,10623.0,748.0,3953.0,95.0,3.9,64300.0,16.85,12630.538922155689,63.9863130881095,90.87254063301967,16.175305280695696,63.66973471226067,20.154282734285577,24.03238047052871,,6,30.433333333333337,5.990425022765139,0,5,1,0,0,0,0.0,0.8333333333333334,0.16666666666666666,0.0,0.0,0.0,0.0,"Moderate Stress, Lower Housing",False,"Top quartile of county mean school-community stress and below the NC county median for spending per student or instructional personnel per 1,000 students"
rowan,37159,Rowan County,256424.0,57885.0,54022.0,144516.0,18377.0,16626.0,1101.0,6429.0,144.0,3.5,80300.0,15.84,13953.528867606246,59.91184632965119,90.47178538390379,22.573940036814026,56.35821919945091,21.06745078463794,22.398506766215586,LiNC labels Rowan County as Salisbury County for 2024 public high-school enrollment; normalized to Rowan County.,8,31.650000000000002,4.727620768632063,0,4,0,0,4,0,0.0,0.5,0.0,0.0,0.5,0.0,0.5,"Moderate Stress, Lower Housing",False,"Top quartile of county mean school-community stress and below the NC county median for spending per student or instructional personnel per 1,000 students"
rutherford,37161,Rutherford County,98690.0,14705.0,22019.0,61965.0,8886.0,8103.0,636.0,2889.0,23.0,4.4,66400.0,17.6,11106.234526221022,71.57326130992573,91.1883862255233,14.900192522038708,62.787516465700676,22.31127773837268,7.961232260297681,,5,27.72,3.1516902985506796,0,5,0,0,0,0,0.0,1.0,0.0,0.0,0.0,0.0,0.0,"Moderate Stress, Lower Housing",False,"Top quartile of county mean school-community stress and below the NC county median for spending per student or instructional personnel per 1,000 students"
sampson,37163,Sampson County,152518.0,20365.0,37591.0,94561.0,10666.0,9811.0,711.0,3325.0,110.0,4.0,67500.0,20.24,14299.456216013501,66.66041627601724,91.98387399212451,13.352522325233743,61.99989509434952,24.646926920101233,33.08270676691729,,6,36.7,9.49648520206076,0,0,0,0,0,6,0.0,0.0,0.0,0.0,0.0,1.0,1.0,Economic and Crime Concentrated,True,"Top quartile of county mean school-community stress and below the NC county median for spending per student or instructional personnel per 1,000 students"
scotland,37165,Scotland County,81512.0,13319.0,19355.0,48837.0,5223.0,4741.0,334.0,1731.0,1.0,5.2,55100.0,26.57,15606.35650009573,63.9479226498181,90.77158721041548,16.33992540975562,59.913877711257236,23.74497006575719,0.5777007510109763,,3,42.26666666666667,12.67781885318086,0,0,0,0,0,3,0.0,0.0,0.0,0.0,0.0,1.0,1.0,Economic and Crime Concentrated,True,"Top quartile of county mean school-community stress and below the NC county median for spending per student or instructional personnel per 1,000 students"
stanly,37167,Stanly County,98815.0,13485.0,16418.0,68911.0,9368.0,8758.0,545.0,3111.0,40.0,3.1,83500.0,14.25,10548.142613151153,58.17677198975235,93.48847139197267,13.646713555634266,69.73738804837323,16.61488640388605,12.85760205721633,,8,27.1,3.286709806495125,0,8,0,0,0,0,0.0,1.0,0.0,0.0,0.0,0.0,0.0,"Moderate Stress, Lower Housing",False,"Top quartile of county mean school-community stress and below the NC county median for spending per student or instructional personnel per 1,000 students"
stokes,37169,Stokes County,75861.0,15465.0,12401.0,47994.0,5436.0,5064.0,375.0,1833.0,23.0,3.4,81900.0,11.97,13955.298013245034,68.98454746136866,93.15673289183223,20.385969075018785,63.26570965318148,16.347003071406917,12.547735951991271,,5,27.0,4.078986797202344,0,2,3,0,0,0,0.0,0.4,0.6,0.0,0.0,0.0,0.0,Housing-Concentrated Stress,False,"Top quartile of county mean school-community stress and below the NC county median for spending per student or instructional personnel per 1,000 students"
surry,37171,Surry County,133670.0,23096.0,22367.0,88206.0,10740.0,10035.0,740.0,3651.0,81.0,3.3,67200.0,16.69,12445.996275605214,68.90130353817504,93.43575418994413,17.278372110421188,65.98788060148127,16.73299917707788,22.185702547247327,,6,29.600000000000005,4.640727110553474,0,4,2,0,0,0,0.0,0.6666666666666666,0.3333333333333333,0.0,0.0,0.0,0.0,"Moderate Stress, Lower Housing",False,"Top quartile of county mean school-community stress and below the NC county median for spending per student or instructional personnel per 1,000 students"
swain,37173,Swain County,27612.0,4825.0,4101.0,18684.0,1972.0,1769.0,151.0,614.0,17.0,3.5,77000.0,21.05,14002.028397565922,76.57200811359026,89.70588235294117,17.474286542083153,67.66623207301173,14.852238157322903,27.68729641693811,,2,43.6,14.810027656366607,0,0,0,0,0,2,0.0,0.0,0.0,0.0,0.0,1.0,1.0,Economic and Crime Concentrated,False,"Top quartile of county mean school-community stress and below the NC county median for spending per student or instructional personnel per 1,000 students"
transylvania,37175,Transylvania County,49404.0,13047.0,8378.0,27977.0,3579.0,3317.0,281.0,1169.0,19.0,3.5,82400.0,14.18,13803.855825649624,78.51355127130483,92.67951941883209,26.40879281029876,56.629017893287994,16.95814104121124,16.25320786997434,,3,24.51111111111111,3.707323914096559,2,1,0,0,0,0,0.6666666666666666,0.3333333333333333,0.0,0.0,0.0,0.0,0.0,Broadly Lower Stress,False,"Top quartile of county mean school-community stress and below the NC county median for spending per student or instructional personnel per 1,000 students"
tyrrell,37177,Tyrrell County,12131.0,1323.0,1859.0,8948.0,437.0,400.0,42.0,196.0,4.0,4.9,62700.0,20.8,27759.725400457664,96.10983981693363,91.53318077803205,10.905943450663589,73.76143763910642,15.324375566729866,20.408163265306122,,1,26.000000000000004,3.736039300793543,0,1,0,0,0,0,0.0,1.0,0.0,0.0,0.0,0.0,0.0,"Moderate Stress, Lower Housing",False,"Top quartile of county mean school-community stress and below the NC county median for spending per student or instructional personnel per 1,000 students"
union,37179,Union County,463762.0,123988.0,51066.0,288706.0,45637.0,42911.0,2720.0,15835.0,79.0,3.2,106000.0,7.66,10161.97383701821,59.60076253916778,94.02677651905252,26.735265071308127,62.25305221212605,11.01125146087864,4.988948531733502,,13,21.153846153846153,4.479370204247818,3,7,3,0,0,0,0.23076923076923078,0.5384615384615384,0.23076923076923078,0.0,0.0,0.0,0.0,"Moderate Stress, Lower Housing",False,"Top quartile of county mean school-community stress and below the NC county median for spending per student or instructional personnel per 1,000 students"
vance,37181,Vance County,82065.0,9011.0,23152.0,49901.0,7290.0,6596.0,469.0,2292.0,90.0,4.4,61900.0,18.95,11257.201646090534,64.33470507544583,90.480109739369,10.98032047767014,60.80667763358314,28.21178334247243,39.26701570680628,,3,42.13333333333333,14.057944049426853,0,0,0,0,0,3,0.0,0.0,0.0,0.0,0.0,1.0,1.0,Economic and Crime Concentrated,True,"Top quartile of county mean school-community stress and below the NC county median for spending per student or instructional personnel per 1,000 students"
wake,37183,Wake County,1955115.0,616209.0,195438.0,1143467.0,177708.0,165894.0,11807.0,58486.0,768.0,3.1,122300.0,7.93,11001.840097238166,66.44045287775452,93.35201566614897,31.517787956207176,58.48592026555982,9.996240630346552,13.13134767294737,,39,22.056410256410256,3.1984558607998608,26,5,8,0,0,0,0.6666666666666666,0.1282051282051282,0.20512820512820512,0.0,0.0,0.0,0.0,Broadly Lower Stress,False,"Top quartile of county mean school-community stress and below the NC county median for spending per student or instructional personnel per 1,000 students"
warren,37185,Warren County,32381.0,5777.0,7544.0,19059.0,1583.0,1371.0,128.0,987.0,19.0,4.7,59200.0,22.24,20455.464308275426,80.85912823752368,86.60770688566014,17.8407090577808,58.858589913838365,23.29761279762824,19.250253292806487,,3,36.8,6.360899057590949,0,0,0,0,0,3,0.0,0.0,0.0,0.0,0.0,1.0,1.0,Economic and Crime Concentrated,False,"Top quartile of county mean school-community stress and below the NC county median for spending per student or instructional personnel per 1,000 students"
washington,37187,Washington County,18927.0,1871.0,4181.0,12873.0,1380.0,1258.0,83.0,469.0,10.0,4.5,62600.0,24.71,13715.217391304348,60.14492753623188,91.15942028985508,9.885348972367519,68.0139483277857,22.090135784857612,21.321961620469082,,2,34.7,4.991608255418612,0,0,0,0,0,2,0.0,0.0,0.0,0.0,0.0,1.0,1.0,Economic and Crime Concentrated,False,"Top quartile of county mean school-community stress and below the NC county median for spending per student or instructional personnel per 1,000 students"
watauga,37189,Watauga County,61553.0,18215.0,5897.0,37440.0,4738.0,4460.0,385.0,1605.0,25.0,3.5,91000.0,24.68,12991.346559729844,81.25791473195441,94.13254537779653,29.59238379932741,60.82562994492551,9.580361639562653,15.576323987538942,,2,26.6,5.127157101832978,0,0,2,0,0,0,0.0,0.0,1.0,0.0,0.0,0.0,0.0,Housing-Concentrated Stress,False,"Top quartile of county mean school-community stress and below the NC county median for spending per student or instructional personnel per 1,000 students"
wayne,37191,Wayne County,210499.0,24353.0,41709.0,144435.0,18241.0,16511.0,1191.0,5735.0,262.0,3.7,70700.0,16.91,11539.882681870511,65.29247300038375,90.51587084041445,11.569176100599053,68.61552786474046,19.814345911382002,45.68439407149084,,9,32.644444444444446,7.295744552339158,0,5,0,4,0,0,0.0,0.5555555555555556,0.0,0.4444444444444444,0.0,0.0,0.4444444444444444,"Moderate Stress, Lower Housing",False,"Top quartile of county mean school-community stress and below the NC county median for spending per student or instructional personnel per 1,000 students"
wilkes,37193,Wilkes County,118444.0,20946.0,28615.0,68882.0,8166.0,7619.0,559.0,2707.0,31.0,3.8,55600.0,16.43,14504.53098212099,68.45456771981387,93.30149399951017,17.684306507716727,58.155752929654525,24.159096281787175,11.451791651274473,,5,29.919999999999998,3.387440777303919,0,4,0,0,1,0,0.0,0.8,0.0,0.0,0.2,0.0,0.2,"Moderate Stress, Lower Housing",False,"Top quartile of county mean school-community stress and below the NC county median for spending per student or instructional personnel per 1,000 students"
wilson,37195,Wilson County,145362.0,22548.0,42084.0,80729.0,11982.0,11122.0,736.0,3794.0,46.0,5.1,71600.0,21.0,12131.69754631948,61.4254715406443,92.82256718410949,15.51161926775911,55.53652261251221,28.951170182028314,12.124406958355298,,5,33.64,6.19197810627217,0,0,0,5,0,0,0.0,0.0,0.0,1.0,0.0,0.0,1.0,Education and Health Pressure,False,"Top quartile of county mean school-community stress and below the NC county median for spending per student or instructional personnel per 1,000 students"
yadkin,37197,Yadkin County,65776.0,9927.0,10011.0,45837.0,4940.0,4601.0,335.0,1603.0,21.0,3.1,81900.0,13.64,13314.97975708502,67.81376518218623,93.13765182186235,15.09213086840185,69.68651179761615,15.219837022622231,13.100436681222707,,3,24.733333333333334,2.771108558613026,0,3,0,0,0,0,0.0,1.0,0.0,0.0,0.0,0.0,0.0,"Moderate Stress, Lower Housing",False,"Top quartile of county mean school-community stress and below the NC county median for spending per student or instructional personnel per 1,000 students"
yancey,37199,Yancey County,29078.0,4467.0,3974.0,20636.0,2008.0,1874.0,153.0,634.0,12.0,4.1,75800.0,14.9,14481.075697211156,76.19521912350598,93.32669322709162,15.362129444941191,70.96774193548387,13.666689593507119,18.92744479495268,,1,29.6,2.896831894333964,0,0,1,0,0,0,0.0,0.0,1.0,0.0,0.0,0.0,0.0,Housing-Concentrated Stress,False,"Top quartile of county mean school-community stress and below the NC county median for spending per student or instructional personnel per 1,000 students"
