Name,School District,County,City,Zip Code,match_score,suggested_nces_name
Cumberland Academy 6-12 Virtual School,Cumberland County Schools,Cumberland County,Fayetteville,28301,66.66666666666666,Cumberland Virtual Academy 6-12
School Of Inquiry And Life Sciences,Asheville City Schools,Buncombe County,Asheville,28803,29.166666666666668,Koontz Intermediate
Northeast Regional School - Biotech/Agri,Northeast Regional School - Biotech/Agri,Martin County,Jamesville,27846,30.76923076923077,NERSBA Early College
B C Ed Tech Center,Beaufort County Schools,Beaufort County,Chocowinity,27817,37.5,Chocowinity Primary
Middle College,Buncombe County Schools,Buncombe County,Asheville,28801,64.0,Early College
Marine Sci. And Tech. Early College High School,Carteret County Public Schools,Carteret County,Morehead City,28557,39.21568627450981,Bridges School
Sage Academy,Chatham County Schools,Chatham County,Siler City,27344,76.19047619047619,ONE Academy
Chatham School Of Science & Engineering,Chatham County Schools,Chatham County,Siler City,27344,51.42857142857142,Chatham County Schools Virtual Academy
Middle College High At Bennett,Guilford County Schools,Guilford County,Greensboro,27406,43.47826086956522,Wiley Accel/Enrichment
Onslow Virtual Secondary,Onslow County Schools,Onslow County,Jacksonville,28540,78.04878048780488,Onslow Virtual School
Meadowbrook Academy,Stokes County Schools,Stokes County,King,27021,31.57894736842105,King Elementary School
Warren New Tech High,Warren County Schools,Warren County,Warrenton,27589,72.72727272727273,Warren County High
